Mutation,Degree of freedom category,PCC,95% confidence interval,Degree of freedom
Y29F,backbone torsions,-0.05,"(-0.09, -0.03)",barnase-101 psi old
Y29F,sidechain torsions,-0.25,"(-0.34, -0.13)",barstar-29 chi1 old
Y29F,intra interface contacts,0.19,"(0.12, 0.28)",barstar-29 | barstar-39 old
Y29F,inter interface contacts,0.22,"(0.11, 0.29)",barnase-87 | barstar-29 old
Y29F,neighboring waters,0.26,"(0.15, 0.35)",nearby waters old
Y29A,backbone torsions,0.09,"(0.05, 0.12)",barstar-29 psi old
Y29A,sidechain torsions,0.13,"(0.05, 0.2)",barstar-29 chi1 old
Y29A,intra interface contacts,0.09,"(0.0, 0.17)",barstar-27 | barstar-29 old
Y29A,inter interface contacts,0.18,"(0.13, 0.24)",barnase-102 | barstar-29 old
Y29A,neighboring waters,0.16,"(0.1, 0.21)",nearby waters old
W38F,backbone torsions,-0.06,"(-0.1, -0.03)",barstar-38 phi old
W38F,sidechain torsions,0.19,"(0.15, 0.23)",barstar-38 chi1 old
W38F,intra interface contacts,-0.18,"(-0.23, -0.11)",barstar-38 | barstar-73 old
W38F,inter interface contacts,0.16,"(0.12, 0.18)",barnase-59 | barstar-38 new
W38F,neighboring waters,-0.14,"(-0.18, -0.08)",nearby waters old
T42A,backbone torsions,-0.35,"(-0.41, -0.23)",barstar-40 psi old
T42A,sidechain torsions,0.63,"(0.5, 0.71)",barstar-42 chi1 old
T42A,intra interface contacts,-0.62,"(-0.69, -0.51)",barstar-42 | barstar-76 old
T42A,inter interface contacts,0.55,"(0.44, 0.63)",barnase-84 | barstar-42 old
T42A,neighboring waters,-0.34,"(-0.43, -0.21)",nearby waters new
W44F,backbone torsions,0.07,"(0.03, 0.11)",barnase-37 psi old
W44F,sidechain torsions,0.17,"(0.12, 0.23)",barstar-44 chi1 old
W44F,intra interface contacts,0.2,"(0.14, 0.25)",barstar-31 | barstar-44 new
W44F,inter interface contacts,0.18,"(0.13, 0.22)",barnase-102 | barstar-44 new
W44F,neighboring waters,0.13,"(0.07, 0.19)",nearby waters new
E76A,backbone torsions,0.13,"(0.1, 0.18)",barstar-76 psi old
E76A,sidechain torsions,-0.54,"(-0.58, -0.5)",barstar-76 chi1 old
E76A,intra interface contacts,0.65,"(0.62, 0.68)",barstar-73 | barstar-76 old
E76A,inter interface contacts,0.47,"(0.41, 0.52)",barnase-102 | barstar-76 old
E76A,neighboring waters,0.68,"(0.64, 0.7)",nearby waters old
E80A,backbone torsions,-0.25,"(-0.29, -0.22)",barstar-80 psi old
E80A,sidechain torsions,-0.64,"(-0.68, -0.58)",barstar-80 chi1 old
E80A,intra interface contacts,0.63,"(0.61, 0.65)",barstar-73 | barstar-80 old
E80A,inter interface contacts,-0.48,"(-0.53, -0.43)",barnase-56 | barstar-80 old
E80A,neighboring waters,0.64,"(0.61, 0.67)",nearby waters old
D35A,backbone torsions,-0.21,"(-0.28, -0.15)",barnase-56 psi old
D35A,sidechain torsions,-0.65,"(-0.67, -0.61)",barstar-35 chi1 old
D35A,intra interface contacts,-0.43,"(-0.55, -0.3)",barnase-59 | barnase-83 old
D35A,inter interface contacts,-0.56,"(-0.62, -0.48)",barnase-59 | barstar-35 old
D35A,neighboring waters,-0.53,"(-0.65, -0.34)",nearby waters old
D39A,backbone torsions,-0.5,"(-0.58, -0.36)",barnase-83 psi old
D39A,sidechain torsions,-0.83,"(-0.86, -0.79)",barstar-39 chi1 old
D39A,intra interface contacts,-0.73,"(-0.8, -0.64)",barnase-27 | barnase-102 old
D39A,inter interface contacts,0.83,"(0.8, 0.86)",barnase-104 | barstar-39 old
D39A,neighboring waters,-0.44,"(-0.51, -0.35)",nearby waters new
K27A,backbone torsions,-0.26,"(-0.3, -0.22)",barnase-27 psi old
K27A,sidechain torsions,-0.5,"(-0.55, -0.45)",barnase-27 chi4 old
K27A,intra interface contacts,-0.71,"(-0.74, -0.68)",barnase-27 | barnase-60 old
K27A,inter interface contacts,-0.72,"(-0.75, -0.69)",barnase-27 | barstar-34 old
K27A,neighboring waters,-0.34,"(-0.39, -0.27)",nearby waters new
R59A,backbone torsions,0.17,"(0.09, 0.23)",barnase-56 psi old
R59A,sidechain torsions,-0.59,"(-0.62, -0.56)",barnase-59 chi1 old
R59A,intra interface contacts,0.48,"(0.45, 0.52)",barnase-59 | barnase-102 old
R59A,inter interface contacts,-0.69,"(-0.72, -0.66)",barnase-59 | barstar-76 old
R59A,neighboring waters,-0.38,"(-0.43, -0.31)",nearby waters new
R83Q,backbone torsions,0.44,"(0.34, 0.54)",barstar-43 psi old
R83Q,sidechain torsions,-0.56,"(-0.62, -0.49)",barnase-83 chi1 old
R83Q,intra interface contacts,0.55,"(0.44, 0.62)",barnase-27 | barnase-82 old
R83Q,inter interface contacts,0.48,"(0.43, 0.52)",barnase-83 | barstar-31 old
R83Q,neighboring waters,-0.29,"(-0.36, -0.21)",nearby waters new
R87A,backbone torsions,-0.48,"(-0.5, -0.44)",barnase-87 phi old
R87A,sidechain torsions,-0.59,"(-0.64, -0.51)",barnase-87 chi3 old
R87A,intra interface contacts,-0.6,"(-0.63, -0.56)",barnase-38 | barnase-87 old
R87A,inter interface contacts,-0.68,"(-0.72, -0.63)",barnase-87 | barstar-39 old
R87A,neighboring waters,-0.74,"(-0.76, -0.68)",nearby waters new
H102A,backbone torsions,0.06,"(0.03, 0.08)",barstar-40 phi old
H102A,sidechain torsions,-0.07,"(-0.12, -0.02)",barnase-102 chi2 old
H102A,intra interface contacts,0.11,"(0.08, 0.16)",barstar-29 | barstar-35 old
H102A,inter interface contacts,0.12,"(0.09, 0.15)",barnase-84 | barstar-30 old
H102A,neighboring waters,0.02,"(-0.02, 0.06)",nearby waters old
F29Y,backbone torsions,0.06,"(0.02, 0.1)",barstar-73 psi old
F29Y,sidechain torsions,0.1,"(0.05, 0.16)",barstar-29 chi1 new
F29Y,intra interface contacts,-0.1,"(-0.15, -0.04)",barstar-29 | barstar-43 new
F29Y,inter interface contacts,-0.1,"(-0.15, -0.04)",barnase-38 | barstar-29 new
F29Y,neighboring waters,-0.06,"(-0.13, -0.0)",nearby waters new
A29Y,backbone torsions,-0.13,"(-0.19, -0.05)",barnase-101 phi old
A29Y,sidechain torsions,0.21,"(0.14, 0.28)",barstar-29 chi1 new
A29Y,intra interface contacts,-0.26,"(-0.34, -0.19)",barstar-29 | barstar-47 new
A29Y,inter interface contacts,-0.23,"(-0.31, -0.14)",barnase-37 | barstar-29 new
A29Y,neighboring waters,-0.28,"(-0.35, -0.21)",nearby waters new
F38W,backbone torsions,0.07,"(0.03, 0.1)",barnase-104 phi old
F38W,sidechain torsions,-0.17,"(-0.22, -0.13)",barstar-38 chi1 new
F38W,intra interface contacts,0.18,"(0.14, 0.22)",barstar-38 | barstar-80 old
F38W,inter interface contacts,-0.18,"(-0.21, -0.14)",barnase-59 | barstar-38 old
F38W,neighboring waters,-0.12,"(-0.17, -0.06)",nearby waters old
A42T,backbone torsions,-0.32,"(-0.42, -0.14)",barstar-43 psi old
A42T,sidechain torsions,-0.57,"(-0.65, -0.43)",barstar-42 chi1 new
A42T,intra interface contacts,0.56,"(0.38, 0.65)",barstar-42 | barstar-76 new
A42T,inter interface contacts,-0.5,"(-0.58, -0.3)",barnase-83 | barstar-42 new
A42T,neighboring waters,0.3,"(0.19, 0.39)",nearby waters old
F44W,backbone torsions,0.06,"(0.03, 0.1)",barnase-62 psi old
F44W,sidechain torsions,-0.24,"(-0.3, -0.14)",barstar-44 chi1 new
F44W,intra interface contacts,0.21,"(0.15, 0.27)",barstar-31 | barstar-44 new
F44W,inter interface contacts,0.22,"(0.15, 0.27)",barnase-104 | barstar-44 new
F44W,neighboring waters,0.17,"(0.1, 0.23)",nearby waters new
A76E,backbone torsions,0.18,"(0.14, 0.22)",barstar-76 phi old
A76E,sidechain torsions,0.61,"(0.58, 0.64)",barstar-76 chi1 new
A76E,intra interface contacts,-0.66,"(-0.68, -0.65)",barstar-73 | barstar-76 new
A76E,inter interface contacts,-0.55,"(-0.57, -0.52)",barnase-102 | barstar-76 new
A76E,neighboring waters,-0.7,"(-0.72, -0.68)",nearby waters new
A80E,backbone torsions,0.17,"(0.13, 0.21)",barstar-80 psi old
A80E,sidechain torsions,0.55,"(0.49, 0.61)",barstar-80 chi1 new
A80E,intra interface contacts,-0.64,"(-0.66, -0.61)",barstar-73 | barstar-80 new
A80E,inter interface contacts,0.58,"(0.55, 0.61)",barnase-56 | barstar-80 new
A80E,neighboring waters,-0.62,"(-0.65, -0.59)",nearby waters new
A35D,backbone torsions,-0.26,"(-0.35, -0.14)",barnase-56 phi old
A35D,sidechain torsions,0.62,"(0.6, 0.65)",barstar-35 chi1 new
A35D,intra interface contacts,0.46,"(0.32, 0.59)",barnase-58 | barnase-83 old
A35D,inter interface contacts,0.55,"(0.41, 0.64)",barnase-58 | barstar-35 new
A35D,neighboring waters,0.4,"(0.19, 0.61)",nearby waters new
A39D,backbone torsions,0.34,"(0.23, 0.43)",barstar-42 psi old
A39D,sidechain torsions,0.85,"(0.82, 0.88)",barstar-39 chi1 new
A39D,intra interface contacts,-0.71,"(-0.73, -0.68)",barstar-33 | barstar-39 new
A39D,inter interface contacts,-0.83,"(-0.85, -0.81)",barnase-104 | barstar-39 new
A39D,neighboring waters,0.61,"(0.55, 0.66)",nearby waters old
A27K,backbone torsions,0.15,"(0.1, 0.19)",barnase-27 psi old
A27K,sidechain torsions,0.39,"(0.33, 0.44)",barnase-27 chi4 new
A27K,intra interface contacts,0.53,"(0.47, 0.58)",barnase-27 | barnase-60 new
A27K,inter interface contacts,0.54,"(0.47, 0.59)",barnase-27 | barstar-34 new
A27K,neighboring waters,0.23,"(0.18, 0.28)",nearby waters old
A59R,backbone torsions,-0.15,"(-0.22, -0.07)",barnase-56 psi old
A59R,sidechain torsions,0.45,"(0.39, 0.5)",barnase-59 chi1 new
A59R,intra interface contacts,-0.47,"(-0.52, -0.4)",barnase-59 | barnase-102 new
A59R,inter interface contacts,0.62,"(0.54, 0.67)",barnase-59 | barstar-76 new
A59R,neighboring waters,0.29,"(0.23, 0.34)",nearby waters old
Q83R,backbone torsions,0.34,"(0.25, 0.39)",barstar-43 psi old
Q83R,sidechain torsions,0.52,"(0.43, 0.58)",barnase-83 chi1 new
Q83R,intra interface contacts,-0.68,"(-0.76, -0.55)",barnase-27 | barnase-83 old
Q83R,inter interface contacts,-0.57,"(-0.65, -0.48)",barnase-83 | barstar-42 old
Q83R,neighboring waters,-0.25,"(-0.33, -0.14)",nearby waters new
A87R,backbone torsions,-0.28,"(-0.34, -0.22)",barnase-87 psi old
A87R,sidechain torsions,0.37,"(0.27, 0.46)",barnase-87 chi4 new
A87R,intra interface contacts,-0.55,"(-0.63, -0.43)",barnase-83 | barnase-103 old
A87R,inter interface contacts,0.6,"(0.51, 0.67)",barnase-87 | barstar-39 new
A87R,neighboring waters,0.41,"(0.32, 0.51)",nearby waters old
A102H,backbone torsions,0.09,"(0.05, 0.13)",barstar-31 psi old
A102H,sidechain torsions,-0.06,"(-0.09, -0.03)",barnase-85 chi1 old
A102H,intra interface contacts,-0.15,"(-0.19, -0.11)",barstar-29 | barstar-36 old
A102H,inter interface contacts,-0.14,"(-0.17, -0.11)",barnase-58 | barstar-29 old
A102H,neighboring waters,0.01,"(-0.03, 0.08)",nearby waters old
